{
  "groups" : [ {
    "id" : "mlse.event.log",
    "builds" : [ ],
    "versions" : [ {
      "from" : "1"
    } ],
    "rules" : {
      "event_id" : [ "{enum#__event_id}" ],
      "event_data" : {
        "code" : [ "{regexp#integer}" ],
        "error" : [ "{util#class_name}", "{enum:EMPTY_CONTENT|INVALID_JSON|UNKNOWN}", "{enum:EMPTY_SERVICE_URL|UNREACHABLE_SERVICE|EMPTY_RESPONSE_BODY|ERROR_ON_LOAD}" ],
        "error_ts" : [ "{regexp#integer}" ],
        "errors" : [ "{regexp#integer}" ],
        "external" : [ "{enum#boolean}" ],
        "failed" : [ "{regexp#integer}" ],
        "paths" : [ "{regexp#hash}" ],
        "send" : [ "{regexp#integer}" ],
        "stage" : [ "{enum:LOADING|PARSING}" ],
        "succeed" : [ "{regexp#integer}" ],
        "total" : [ "{regexp#integer}" ],
        "version" : [ "{regexp#version}" ]
      },
      "enums" : {
        "__event_id" : [ "logs.send", "loading.config.failed", "metadata.loaded", "metadata.updated", "metadata.update.failed", "metadata.load.failed" ]
      }
    },
    "anonymized_fields" : [ {
      "event" : "logs.send",
      "fields" : [ "paths" ]
    } ]
  }, {
    "id" : "mlse.log",
    "builds" : [ ],
    "versions" : [ {
      "from" : "2"
    } ],
    "rules" : {
      "event_id" : [ "{enum:sessionFinished|searchRestarted|key.not.computed}" ],
      "event_data" : {
        "closePopup" : [ "{enum#boolean}" ],
        "collectedItems.absentFeatures" : [ "{util#mlse_element_feature}" ],
        "collectedItems.actionId" : [ "{util#action}", "{enum#action}" ],
        "collectedItems.contributor.contributorId" : [ "{enum:SearchEverywhereContributor.All|ClassSearchEverywhereContributor|FileSearchEverywhereContributor|RecentFilesSEContributor|SymbolSearchEverywhereContributor|ActionSearchEverywhereContributor|RunConfigurationsSEContributor|CommandsContributor|TopHitSEContributor|com.intellij.ide.actions.searcheverywhere.CalculatorSEContributor|TmsSearchEverywhereContributor|YAMLKeysSearchEverywhereContributor|UrlSearchEverywhereContributor|Vcs.Git|AutocompletionContributor|TextSearchContributor|DbSETablesContributor|third.party}", "{enum:SearchEverywhereSpellingCorrectorContributor}", "{enum:SemanticActionSearchEverywhereContributor}" ],
        "collectedItems.contributor.contributorIsMostPopular" : [ "{enum#boolean}" ],
        "collectedItems.contributor.contributorPopularityIndex" : [ "{regexp#integer}" ],
        "collectedItems.contributor.contributorPriority" : [ "{regexp#integer}" ],
        "collectedItems.contributor.contributorWeight" : [ "{regexp#integer}" ],
        "collectedItems.contributorId" : [ "{enum#se_tab}" ],
        "collectedItems.features.actionSimilarityScore" : [ "{regexp#float}" ],
        "collectedItems.features.allInitialLettersMatch" : [ "{enum#boolean}" ],
        "collectedItems.features.asActionPureSemantic" : [ "{enum#boolean}" ],
        "collectedItems.features.authoritiesSize" : [ "{regexp#integer}" ],
        "collectedItems.features.directoryDepth" : [ "{regexp#integer}" ],
        "collectedItems.features.fileGroup" : [ "{enum:MAIN|BUILD|CHANGELOG|CONFIG|README}" ],
        "collectedItems.features.fileStatus" : [ "{enum#vcs_file_status}" ],
        "collectedItems.features.fileType" : [ "{util#file_type}" ],
        "collectedItems.features.fileTypeMatchesQuery" : [ "{enum#boolean}" ],
        "collectedItems.features.fileTypeUsageRatio" : [ "{regexp#float}" ],
        "collectedItems.features.fileTypeUsageRatioToMax" : [ "{regexp#float}" ],
        "collectedItems.features.fileTypeUsageRatioToMin" : [ "{regexp#float}" ],
        "collectedItems.features.fileTypeUsedInLastDay" : [ "{enum#boolean}" ],
        "collectedItems.features.fileTypeUsedInLastHour" : [ "{enum#boolean}" ],
        "collectedItems.features.fileTypeUsedInLastMinute" : [ "{enum#boolean}" ],
        "collectedItems.features.fileTypeUsedInLastMonth" : [ "{enum#boolean}" ],
        "collectedItems.features.fromConfigurable" : [ "{enum#boolean}" ],
        "collectedItems.features.globalUsage" : [ "{regexp#integer}" ],
        "collectedItems.features.globalUsageToMax" : [ "{regexp#float}" ],
        "collectedItems.features.globalUsageToMaxV1" : [ "{regexp#float}" ],
        "collectedItems.features.globalUsageToMaxV2" : [ "{regexp#float}" ],
        "collectedItems.features.globalUsageToMaxV3" : [ "{regexp#float}" ],
        "collectedItems.features.globalUsageToMaxV4" : [ "{regexp#float}" ],
        "collectedItems.features.globalUsageV1" : [ "{regexp#integer}" ],
        "collectedItems.features.globalUsageV2" : [ "{regexp#integer}" ],
        "collectedItems.features.globalUsageV3" : [ "{regexp#integer}" ],
        "collectedItems.features.globalUsageV4" : [ "{regexp#integer}" ],
        "collectedItems.features.groupLength" : [ "{regexp#integer}" ],
        "collectedItems.features.heuristicPriority" : [ "{regexp#integer}" ],
        "collectedItems.features.isAbbreviation" : [ "{enum#boolean}" ],
        "collectedItems.features.isAccessibleFromModule" : [ "{enum#boolean}" ],
        "collectedItems.features.isAction" : [ "{enum#boolean}" ],
        "collectedItems.features.isActionPureSemantic" : [ "{enum#boolean}" ],
        "collectedItems.features.isBookmark" : [ "{enum#boolean}" ],
        "collectedItems.features.isBooleanOption" : [ "{enum#boolean}" ],
        "collectedItems.features.isChanged" : [ "{enum#boolean}" ],
        "collectedItems.features.isDeprecated" : [ "{enum#boolean}" ],
        "collectedItems.features.isDirectory" : [ "{enum#boolean}" ],
        "collectedItems.features.isEditorAction" : [ "{enum#boolean}" ],
        "collectedItems.features.isEnabled" : [ "{enum#boolean}" ],
        "collectedItems.features.isExactMatch" : [ "{enum#boolean}" ],
        "collectedItems.features.isExactRelativePath" : [ "{enum#boolean}" ],
        "collectedItems.features.isFavorite" : [ "{enum#boolean}" ],
        "collectedItems.features.isFromLibrary" : [ "{enum#boolean}" ],
        "collectedItems.features.isGroup" : [ "{enum#boolean}" ],
        "collectedItems.features.isHighPriority" : [ "{enum#boolean}" ],
        "collectedItems.features.isIgnored" : [ "{enum#boolean}" ],
        "collectedItems.features.isInComment" : [ "{enum#boolean}" ],
        "collectedItems.features.isInExcluded" : [ "{enum#boolean}" ],
        "collectedItems.features.isInSource" : [ "{enum#boolean}" ],
        "collectedItems.features.isInTestSources" : [ "{enum#boolean}" ],
        "collectedItems.features.isInvalid" : [ "{enum#boolean}" ],
        "collectedItems.features.isNotDefault" : [ "{enum#boolean}" ],
        "collectedItems.features.isOpened" : [ "{enum#boolean}" ],
        "collectedItems.features.isOption" : [ "{enum#boolean}" ],
        "collectedItems.features.isPureSemantic" : [ "{enum#boolean}" ],
        "collectedItems.features.isRegistryOption" : [ "{enum#boolean}" ],
        "collectedItems.features.isSameFileTypeAsOpenedFile" : [ "{enum#boolean}" ],
        "collectedItems.features.isSameModule" : [ "{enum#boolean}" ],
        "collectedItems.features.isSearchAction" : [ "{enum#boolean}" ],
        "collectedItems.features.isSemanticOnly" : [ "{enum#boolean}" ],
        "collectedItems.features.isShared" : [ "{enum#boolean}" ],
        "collectedItems.features.isTemporary" : [ "{enum#boolean}" ],
        "collectedItems.features.isToggleAction" : [ "{enum#boolean}" ],
        "collectedItems.features.isTopLevel" : [ "{enum#boolean}" ],
        "collectedItems.features.javaIsAbstract" : [ "{enum#boolean}" ],
        "collectedItems.features.javaIsInner" : [ "{enum#boolean}" ],
        "collectedItems.features.javaIsInstantiatable" : [ "{enum#boolean}" ],
        "collectedItems.features.javaIsInterface" : [ "{enum#boolean}" ],
        "collectedItems.features.javaIsLocalOrAnonymous" : [ "{enum#boolean}" ],
        "collectedItems.features.javaIsPrivate" : [ "{enum#boolean}" ],
        "collectedItems.features.javaIsProtected" : [ "{enum#boolean}" ],
        "collectedItems.features.javaIsPublic" : [ "{enum#boolean}" ],
        "collectedItems.features.javaIsStatic" : [ "{enum#boolean}" ],
        "collectedItems.features.javaNumberOfAllFields" : [ "{regexp#integer}" ],
        "collectedItems.features.javaNumberOfAllMethods" : [ "{regexp#integer}" ],
        "collectedItems.features.javaNumberOfAnnotations" : [ "{regexp#integer}" ],
        "collectedItems.features.javaNumberOfDeprecatedFields" : [ "{regexp#integer}" ],
        "collectedItems.features.javaNumberOfDeprecatedMethods" : [ "{regexp#integer}" ],
        "collectedItems.features.javaNumberOfFields" : [ "{regexp#integer}" ],
        "collectedItems.features.javaNumberOfMethods" : [ "{regexp#integer}" ],
        "collectedItems.features.javaNumberOfSupers" : [ "{regexp#integer}" ],
        "collectedItems.features.keyIsInTop5RecentlyUsed" : [ "{enum#boolean}" ],
        "collectedItems.features.keyIsMostPopular" : [ "{enum#boolean}" ],
        "collectedItems.features.keyIsMostRecentlyUsed" : [ "{enum#boolean}" ],
        "collectedItems.features.keyNeverUsed" : [ "{enum#boolean}" ],
        "collectedItems.features.kotlinIsAbstract" : [ "{enum#boolean}" ],
        "collectedItems.features.kotlinIsData" : [ "{enum#boolean}" ],
        "collectedItems.features.kotlinIsDocumented" : [ "{enum#boolean}" ],
        "collectedItems.features.kotlinIsEnum" : [ "{enum#boolean}" ],
        "collectedItems.features.kotlinIsInline" : [ "{enum#boolean}" ],
        "collectedItems.features.kotlinIsInner" : [ "{enum#boolean}" ],
        "collectedItems.features.kotlinIsInterface" : [ "{enum#boolean}" ],
        "collectedItems.features.kotlinIsInternal" : [ "{enum#boolean}" ],
        "collectedItems.features.kotlinIsLocalOrAnon" : [ "{enum#boolean}" ],
        "collectedItems.features.kotlinIsObject" : [ "{enum#boolean}" ],
        "collectedItems.features.kotlinIsOpen" : [ "{enum#boolean}" ],
        "collectedItems.features.kotlinIsPrivate" : [ "{enum#boolean}" ],
        "collectedItems.features.kotlinIsProtected" : [ "{enum#boolean}" ],
        "collectedItems.features.kotlinIsPublic" : [ "{enum#boolean}" ],
        "collectedItems.features.kotlinIsSAM" : [ "{enum#boolean}" ],
        "collectedItems.features.kotlinIsSealed" : [ "{enum#boolean}" ],
        "collectedItems.features.kotlinIsValue" : [ "{enum#boolean}" ],
        "collectedItems.features.kotlinNumberOfDeclarations" : [ "{regexp#integer}" ],
        "collectedItems.features.kotlinNumberOfDocs" : [ "{regexp#integer}" ],
        "collectedItems.features.kotlinNumberOfMethods" : [ "{regexp#integer}" ],
        "collectedItems.features.kotlinNumberOfOverridden" : [ "{regexp#integer}" ],
        "collectedItems.features.kotlinNumberOfProperties" : [ "{regexp#integer}" ],
        "collectedItems.features.kotlinNumberOfReceivers" : [ "{regexp#integer}" ],
        "collectedItems.features.kotlinNumberOfSupers" : [ "{regexp#integer}" ],
        "collectedItems.features.langIsInTop3MostUsed" : [ "{enum#boolean}" ],
        "collectedItems.features.langIsMostUsed" : [ "{enum#boolean}" ],
        "collectedItems.features.langNeverUsed" : [ "{enum#boolean}" ],
        "collectedItems.features.langSameAsOpenedFile" : [ "{enum#boolean}" ],
        "collectedItems.features.langUseCount" : [ "{regexp#integer}" ],
        "collectedItems.features.langUsedInLastDay" : [ "{enum#boolean}" ],
        "collectedItems.features.langUsedInLastMonth" : [ "{enum#boolean}" ],
        "collectedItems.features.langUsedInLastWeek" : [ "{enum#boolean}" ],
        "collectedItems.features.language" : [ "{util#lang}" ],
        "collectedItems.features.matchMode" : [ "{enum:NONE|INTENTION|NAME|DESCRIPTION|GROUP|NON_MENU|SYNONYM}" ],
        "collectedItems.features.mlScore" : [ "{regexp#float}" ],
        "collectedItems.features.nameLength" : [ "{regexp#integer}" ],
        "collectedItems.features.packageDistance" : [ "{regexp#integer}" ],
        "collectedItems.features.packageDistanceNorm" : [ "{regexp#float}" ],
        "collectedItems.features.parentStatIsMostPopular" : [ "{enum#boolean}" ],
        "collectedItems.features.parentStatIsMostRecent" : [ "{enum#boolean}" ],
        "collectedItems.features.parentStatRecency" : [ "{regexp#integer}" ],
        "collectedItems.features.parentStatUseCount" : [ "{regexp#integer}" ],
        "collectedItems.features.pluginId" : [ "{util#plugin}" ],
        "collectedItems.features.pluginType" : [ "{enum#plugin_type}" ],
        "collectedItems.features.predictionScore" : [ "{regexp#float}" ],
        "collectedItems.features.prefixExact" : [ "{enum#boolean}" ],
        "collectedItems.features.prefixGreedyScore" : [ "{regexp#float}" ],
        "collectedItems.features.prefixGreedyWithCaseScore" : [ "{regexp#float}" ],
        "collectedItems.features.prefixMatchedLastWord" : [ "{enum#boolean}" ],
        "collectedItems.features.prefixMatchedWordsRelative" : [ "{regexp#float}" ],
        "collectedItems.features.prefixMatchedWordsScore" : [ "{regexp#float}" ],
        "collectedItems.features.prefixMatchedWordsWithCaseRelative" : [ "{regexp#float}" ],
        "collectedItems.features.prefixMatchedWordsWithCaseScore" : [ "{regexp#float}" ],
        "collectedItems.features.prefixMatchingType" : [ "{enum#query_matching_type}" ],
        "collectedItems.features.prefixSameStartCount" : [ "{regexp#integer}" ],
        "collectedItems.features.prefixSkippedWords" : [ "{regexp#integer}" ],
        "collectedItems.features.priority" : [ "{regexp#integer}" ],
        "collectedItems.features.recentFilesIndex" : [ "{regexp#integer}" ],
        "collectedItems.features.relPathPrefixGreedyScore" : [ "{regexp#float}" ],
        "collectedItems.features.relPathPrefixMatchedWordsRelative" : [ "{regexp#float}" ],
        "collectedItems.features.relPathPrefixMatchedWordsScore" : [ "{regexp#float}" ],
        "collectedItems.features.relPathPrefixSameStartCount" : [ "{regexp#integer}" ],
        "collectedItems.features.runConfigType" : [ "{util#run_config_type}" ],
        "collectedItems.features.schemes" : [ "{enum:http|https|ws|wss}" ],
        "collectedItems.features.segmentsTotal" : [ "{regexp#integer}" ],
        "collectedItems.features.similarityScore" : [ "{regexp#float}" ],
        "collectedItems.features.statIsMostPopular" : [ "{enum#boolean}" ],
        "collectedItems.features.statIsMostRecent" : [ "{enum#boolean}" ],
        "collectedItems.features.statRecency" : [ "{regexp#integer}" ],
        "collectedItems.features.statUseCount" : [ "{regexp#integer}" ],
        "collectedItems.features.suggestionConfidence" : [ "{regexp#float}" ],
        "collectedItems.features.textLength" : [ "{regexp#integer}" ],
        "collectedItems.features.timeSinceLastFileTypeUsage" : [ "{regexp#integer}" ],
        "collectedItems.features.timeSinceLastModification" : [ "{regexp#integer}" ],
        "collectedItems.features.timeSinceLastUsage" : [ "{regexp#integer}" ],
        "collectedItems.features.timeSinceLastUsageSe" : [ "{regexp#integer}" ],
        "collectedItems.features.totalSymbolsAmount" : [ "{regexp#integer}" ],
        "collectedItems.features.type" : [ "{enum:ABBREVIATION|INTENTION|TOP_HIT|OPTION|ACTION}", "{enum:SEMANTIC}" ],
        "collectedItems.features.typeWeight" : [ "{regexp#integer}" ],
        "collectedItems.features.usage" : [ "{regexp#integer}" ],
        "collectedItems.features.usageSe" : [ "{regexp#integer}" ],
        "collectedItems.features.usageToMax" : [ "{regexp#float}" ],
        "collectedItems.features.usageToMaxSe" : [ "{regexp#float}" ],
        "collectedItems.features.usagesPerUserRatio" : [ "{regexp#float}" ],
        "collectedItems.features.usagesPerUserRatioV1" : [ "{regexp#float}" ],
        "collectedItems.features.usagesPerUserRatioV2" : [ "{regexp#float}" ],
        "collectedItems.features.usagesPerUserRatioV3" : [ "{regexp#float}" ],
        "collectedItems.features.usagesPerUserRatioV4" : [ "{regexp#float}" ],
        "collectedItems.features.usersRatio" : [ "{regexp#float}" ],
        "collectedItems.features.usersRatioV1" : [ "{regexp#float}" ],
        "collectedItems.features.usersRatioV2" : [ "{regexp#float}" ],
        "collectedItems.features.usersRatioV3" : [ "{regexp#float}" ],
        "collectedItems.features.usersRatioV4" : [ "{regexp#float}" ],
        "collectedItems.features.variablesTotal" : [ "{regexp#integer}" ],
        "collectedItems.features.wasModifiedInLastDay" : [ "{enum#boolean}" ],
        "collectedItems.features.wasModifiedInLastHour" : [ "{enum#boolean}" ],
        "collectedItems.features.wasModifiedInLastMinute" : [ "{enum#boolean}" ],
        "collectedItems.features.wasModifiedInLastMonth" : [ "{enum#boolean}" ],
        "collectedItems.features.wasUsedInLastDay" : [ "{enum#boolean}" ],
        "collectedItems.features.wasUsedInLastDaySe" : [ "{enum#boolean}" ],
        "collectedItems.features.wasUsedInLastHour" : [ "{enum#boolean}" ],
        "collectedItems.features.wasUsedInLastHourSe" : [ "{enum#boolean}" ],
        "collectedItems.features.wasUsedInLastMinute" : [ "{enum#boolean}" ],
        "collectedItems.features.wasUsedInLastMinuteSe" : [ "{enum#boolean}" ],
        "collectedItems.features.wasUsedInLastMonth" : [ "{enum#boolean}" ],
        "collectedItems.features.wasUsedInLastMonthSe" : [ "{enum#boolean}" ],
        "collectedItems.features.weight" : [ "{regexp#float}" ],
        "collectedItems.features.withIcon" : [ "{enum#boolean}" ],
        "collectedItems.features.yamlFileModifiedInLastDay" : [ "{enum#boolean}" ],
        "collectedItems.features.yamlFileModifiedInLastHour" : [ "{enum#boolean}" ],
        "collectedItems.features.yamlFileModifiedInLastMonth" : [ "{enum#boolean}" ],
        "collectedItems.features.yamlFileModifiedInLastWeek" : [ "{enum#boolean}" ],
        "collectedItems.features.yamlFileRecencyIndex" : [ "{regexp#integer}" ],
        "collectedItems.features.yamlKeyIsInTop5RecentlyUsed" : [ "{enum#boolean}" ],
        "collectedItems.features.yamlKeyIsMostPopular" : [ "{enum#boolean}" ],
        "collectedItems.features.yamlKeyIsMostRecentlyUsed" : [ "{enum#boolean}" ],
        "collectedItems.features.yamlKeyNeverUsed" : [ "{enum#boolean}" ],
        "collectedItems.features.yamlTimeSinceLastModification" : [ "{regexp#integer}" ],
        "collectedItems.id" : [ "{regexp#integer}" ],
        "collectedItems.mlWeight" : [ "{regexp#float}" ],
        "collectedItems.priority" : [ "{regexp#integer}" ],
        "contributors.id" : [ "{enum:SearchEverywhereContributor.All|ClassSearchEverywhereContributor|FileSearchEverywhereContributor|RecentFilesSEContributor|SymbolSearchEverywhereContributor|ActionSearchEverywhereContributor|RunConfigurationsSEContributor|CommandsContributor|TopHitSEContributor|com.intellij.ide.actions.searcheverywhere.CalculatorSEContributor|TmsSearchEverywhereContributor|YAMLKeysSearchEverywhereContributor|UrlSearchEverywhereContributor|Vcs.Git|AutocompletionContributor|TextSearchContributor|DbSETablesContributor|third.party}" ],
        "contributors.isMostPopular" : [ "{enum#boolean}" ],
        "contributors.popularityIndex" : [ "{regexp#integer}" ],
        "contributors.priority" : [ "{regexp#integer}" ],
        "contributors.weight" : [ "{regexp#integer}" ],
        "experimentGroup" : [ "{regexp#integer}" ],
        "experimentVersion" : [ "{regexp#integer}" ],
        "globalMaxUsage" : [ "{regexp#integer}" ],
        "globalMaxUsageV1" : [ "{regexp#integer}" ],
        "globalMaxUsageV2" : [ "{regexp#integer}" ],
        "globalMaxUsageV3" : [ "{regexp#integer}" ],
        "globalMaxUsageV4" : [ "{regexp#integer}" ],
        "globalMinUsage" : [ "{regexp#integer}" ],
        "globalMinUsageV1" : [ "{regexp#integer}" ],
        "globalMinUsageV2" : [ "{regexp#integer}" ],
        "globalMinUsageV3" : [ "{regexp#integer}" ],
        "globalMinUsageV4" : [ "{regexp#integer}" ],
        "isConsistent" : [ "{enum#boolean}" ],
        "isForceExperiment" : [ "{enum#boolean}" ],
        "isInternal" : [ "{enum#boolean}" ],
        "isMixedList" : [ "{enum#boolean}" ],
        "isSingleModuleProject" : [ "{enum#boolean}" ],
        "lastOpenToolWindow" : [ "{util#toolwindow}" ],
        "logFeatures" : [ "{enum#boolean}" ],
        "maxUsage" : [ "{regexp#integer}" ],
        "maxUsageSE" : [ "{regexp#integer}" ],
        "minUsage" : [ "{regexp#integer}" ],
        "minUsageSE" : [ "{regexp#integer}" ],
        "numberOfOpenEditors" : [ "{regexp#integer}" ],
        "openFileTypes" : [ "{util#file_type}" ],
        "orderByMl" : [ "{enum#boolean}" ],
        "plugin" : [ "{util#plugin}" ],
        "plugin_type" : [ "{util#plugin_type}" ],
        "plugin_version" : [ "{util#plugin_version}" ],
        "projectDisposed" : [ "{enum#boolean}" ],
        "projectOpened" : [ "{enum#boolean}" ],
        "rebuildReason" : [ "{enum#restart_reasons}" ],
        "seTabId" : [ "{enum#se_tab}", "{enum:SearchEverywhereSpellingCorrectorContributor}", "{enum:Git}" ],
        "searchIndex" : [ "{regexp#integer}" ],
        "searchStateFeatures.isCaseSensitive" : [ "{enum#boolean}" ],
        "searchStateFeatures.isDumbMode" : [ "{enum#boolean}" ],
        "searchStateFeatures.isEmptyQuery" : [ "{enum#boolean}" ],
        "searchStateFeatures.isRegularExpressions" : [ "{enum#boolean}" ],
        "searchStateFeatures.isSearchEverywhere" : [ "{enum#boolean}" ],
        "searchStateFeatures.isWholeWordsOnly" : [ "{enum#boolean}" ],
        "searchStateFeatures.queryContainsAbbreviations" : [ "{enum#boolean}" ],
        "searchStateFeatures.queryContainsCommandChar" : [ "{enum#boolean}" ],
        "searchStateFeatures.queryContainsPath" : [ "{enum#boolean}" ],
        "searchStateFeatures.queryContainsSpaces" : [ "{enum#boolean}" ],
        "searchStateFeatures.queryIsAllUppercase" : [ "{enum#boolean}" ],
        "searchStateFeatures.queryIsCamelCase" : [ "{enum#boolean}" ],
        "searchStateFeatures.queryLength" : [ "{regexp#integer}" ],
        "searchStateFeatures.searchScope" : [ "{util#scopeRule}" ],
        "selectedIds" : [ "{regexp#integer}" ],
        "selectedIndexes" : [ "{regexp#integer}" ],
        "semanticExperimentGroup" : [ "{regexp#integer}" ],
        "semanticSearchEnabled" : [ "{enum#boolean}" ],
        "sessionId" : [ "{regexp#integer}" ],
        "startTime" : [ "{regexp#integer}" ],
        "timeToFirstResult" : [ "{regexp#integer}" ],
        "totalItems" : [ "{regexp#integer}" ],
        "typedBackspaces" : [ "{regexp#integer}" ],
        "typedSymbolKeys" : [ "{regexp#integer}" ],
        "unsupported_classes" : [ "{util#class_name}" ]
      },
      "enums" : {
        "query_matching_type" : [ "START_WITH", "WORDS_FIRST_CHAR", "GREEDY_WITH_CASE", "GREEDY", "UNKNOWN" ],
        "restart_reasons" : [ "SEARCH_STARTED", "TEXT_CHANGED", "TAB_CHANGED", "SCOPE_CHANGED", "EXIT_DUMB_MODE", "TEXT_SEARCH_OPTION_CHANGED" ],
        "se_tab" : [ "SearchEverywhereContributor.All", "ClassSearchEverywhereContributor", "FileSearchEverywhereContributor", "RecentFilesSEContributor", "SymbolSearchEverywhereContributor", "ActionSearchEverywhereContributor", "RunConfigurationsSEContributor", "CommandsContributor", "TopHitSEContributor", "com.intellij.ide.actions.searcheverywhere.CalculatorSEContributor", "TmsSearchEverywhereContributor", "YAMLKeysSearchEverywhereContributor", "UrlSearchEverywhereContributor", "Vcs.Git", "AutocompletionContributor", "TextSearchContributor", "DbSETablesContributor", "third.party" ],
        "vcs_file_status" : [ "NOT_CHANGED", "NOT_CHANGED_IMMEDIATE", "NOT_CHANGED_RECURSIVE", "DELETED", "MODIFIED", "ADDED", "MERGED", "UNKNOWN", "IDEA_FILESTATUS_IGNORED", "HIJACKED", "IDEA_FILESTATUS_MERGED_WITH_CONFLICTS", "IDEA_FILESTATUS_MERGED_WITH_BOTH_CONFLICTS", "IDEA_FILESTATUS_MERGED_WITH_PROPERTY_CONFLICTS", "IDEA_FILESTATUS_DELETED_FROM_FILE_SYSTEM", "SWITCHED", "OBSOLETE", "SUPPRESSED" ]
      }
    }
  } ],
  "rules" : {
    "enums" : {
      "action" : [ "git4idea.rebase.retry", "git4idea.rebase.continue", "git4idea.rebase.abort", "git4idea.rebase.resolve" ],
      "boolean" : [ "true", "false", "TRUE", "FALSE", "True", "False" ],
      "plugin_type" : [ "JVM_CORE", "PLATFORM", "JB_BUNDLED", "JB_NOT_BUNDLED", "LISTED", "NOT_LISTED", "JB_UPDATED_BUNDLED", "UNKNOWN", "FROM_SOURCES" ]
    },
    "regexps" : {
      "count" : "\\d+K?M?\\+?",
      "date_YYYY-MM-DD_HH" : "^[12][0-9]{3}-(0[0-9]|1[0-2])-(0[1-9]|[12][0-9]|3[01])( ([0-1][0-9]|2[0-3]))?$",
      "date_short_hash" : "[0-9]{2}[01][0-9][0123][0-9]-(([0-9A-Fa-f]{12})|undefined)",
      "float" : "-?\\d+(\\.\\d+(E\\-?\\d+)?)?",
      "hash" : "([0-9A-Fa-f]{40,64})|undefined",
      "integer" : "-?\\d+(\\+)?",
      "short_hash" : "([0-9A-Fa-f]{12})|undefined",
      "version" : "Unknown|unknown.format|unknown|UNKNOWN|((\\d+\\.?)*\\d+)"
    }
  },
  "version" : "4244"
}