<application>
  <component name="FileEditorProviderManager"><![CDATA[{}]]></component>
  <component name="NotRoamableUiSettings">
    <option name="fontFace" value="Dialog" />
    <option name="presentationModeIdeScale" value="1.75" />
  </component>
  <component name="PropertyService"><![CDATA[{
  "keyToString": {
    "LAST_CALCULATED_COLOR_INDEX_KEY": "7",
    "PhpStorm.InitialConfiguration": "true",
    "evlsprt3.241": "4",
    "experimental.ui.on.first.startup": "true",
    "experimental.ui.used.version": "241.14494.237",
    "fileTypeChangedCounter": "1",
    "fontSizeToResetConsole": "13.0",
    "fontSizeToResetEditor": "13.0",
    "ide.memory.adjusted": "true",
    "input.method.disabler.muted": "true",
    "llm.installer.last.toolwindow.state": "LLM_INSTALLER",
    "previousColorScheme": "_@client_Dark",
    "registry.to.advanced.settings.migration.build": "PS-241.14494.237",
    "ts.lib.d.ts.version": "5.2.2"
  },
  "keyToStringList": {
    "fileTypeDetectors": [
      "com.intellij.ide.scratch.ScratchFileServiceImpl$Detector",
      "com.intellij.docker.dockerFile.DockerFileTypeDetector",
      "com.intellij.javascript.debugger.sourcemap.SourceMapFileType$MyFileTypeDetector",
      "com.intellij.database.vfs.DbStorageFileType$Detector",
      "com.jetbrains.nodejs.util.NodeFileTypeDetector$JavaScriptFileTypeDetector",
      "com.jetbrains.nodejs.util.NodeFileTypeDetector$TypeScriptFileTypeDetector",
      "org.jetbrains.plugins.textmate.TextMateFileType$TextMateFileDetector"
    ]
  }
}]]></component>
</application>