<application>
  <component name="RecentProjectsManager">
    <option name="additionalInfo">
      <map>
        <entry key="$USER_HOME$/projets/gitlab-integration">
          <value>
            <RecentProjectMetaInfo frameTitle="gitlab-integration" opened="true" projectWorkspaceId="2eqwNeBSt6pKARHXGWgZRrbQeUf">
              <option name="activationTimestamp" value="1712652687567" />
              <option name="binFolder" value="$APPLICATION_HOME_DIR$/bin" />
              <option name="build" value="PS-241.14494.237" />
              <option name="buildTimestamp" value="1711566180000" />
              <option name="colorInfo">
                <RecentProjectColorInfo associatedIndex="7" />
              </option>
              <frame x="-8" y="-8" width="1936" height="1056" />
              <option name="productionCode" value="PS" />
              <option name="projectOpenTimestamp" value="1712645382638" />
            </RecentProjectMetaInfo>
          </value>
        </entry>
      </map>
    </option>
    <option name="lastOpenedProject" value="$USER_HOME$/projets/gitlab-integration" />
  </component>
</application>