<project version="4">
  <component name="BookmarksManager">
    <option name="groups">
      <GroupState>
        <option name="name" value="gitlab-integration" />
      </GroupState>
    </option>
  </component>
  <component name="FileEditorManager">
    <leaf ideFingerprint="25sqzeyxdk3il" />
  </component>
  <component name="FileTypeUsageLocalSummary"><![CDATA[{
  "data": {
    "Twig": {
      "usageCount": 3,
      "lastUsed": 1712652308899
    },
    "PHP": {
      "usageCount": 4,
      "lastUsed": 1712650475010
    },
    "Markdown": {
      "usageCount": 2,
      "lastUsed": 1712645420157
    }
  }
}]]></component>
  <component name="FilesOpenedOnControllerState">
    <option name="openedFilesInfos">
      <list>
        <OpenedFileInfo>
          <option name="caretOffset" value="3726" />
          <option name="fileUrl" value="file://$PROJECT_DIR$/README.md" />
          <option name="selected" value="false" />
        </OpenedFileInfo>
        <OpenedFileInfo>
          <option name="caretOffset" value="1047" />
          <option name="fileUrl" value="file://$PROJECT_DIR$/src/Consumer/CsvConsumer.php" />
          <option name="selected" value="false" />
        </OpenedFileInfo>
        <OpenedFileInfo>
          <option name="caretOffset" value="0" />
          <option name="fileUrl" value="file://$PROJECT_DIR$/templates/admin/businessplan/_menu.composant.html.twig" />
          <option name="selected" value="false" />
        </OpenedFileInfo>
        <OpenedFileInfo>
          <option name="caretOffset" value="0" />
          <option name="fileUrl" value="file://$PROJECT_DIR$/tests/bootstrap.php" />
          <option name="selected" value="false" />
        </OpenedFileInfo>
        <OpenedFileInfo>
          <option name="caretOffset" value="1181" />
          <option name="fileUrl" value="file://$PROJECT_DIR$/templates/admin/base.html.twig" />
          <option name="selected" value="false" />
        </OpenedFileInfo>
        <OpenedFileInfo>
          <option name="caretOffset" value="4489" />
          <option name="fileUrl" value="file://$PROJECT_DIR$/src/PortailConsulaire/App/Controller/Api/EntrepriseApiController.php" />
          <option name="selected" value="false" />
        </OpenedFileInfo>
        <OpenedFileInfo>
          <option name="caretOffset" value="8455" />
          <option name="fileUrl" value="file://$PROJECT_DIR$/src/PortailConsulaire/App/Controller/Front/OffreController.php" />
        </OpenedFileInfo>
        <OpenedFileInfo>
          <option name="caretOffset" value="3403" />
          <option name="fileUrl" value="file://$PROJECT_DIR$/templates/front/offre/_results-offres.offre.html.twig" />
          <option name="selected" value="false" />
        </OpenedFileInfo>
      </list>
    </option>
  </component>
  <component name="GitSEFilterConfiguration"><![CDATA[{}]]></component>
  <component name="IgnoredFileRootStore">
    <option name="generatedRoots">
      <set>
        <option value="$PROJECT_DIR$/.idea" />
      </set>
    </option>
  </component>
  <component name="LanguageUsageStatistics">
    <language id="Markdown">
      <summary usageCount="2" lastUsage="1712645420157" />
    </language>
    <language id="PHP">
      <summary usageCount="4" lastUsage="1712650475010" />
    </language>
    <language id="Twig">
      <summary usageCount="3" lastUsage="1712652308899" />
    </language>
  </component>
  <component name="ProjectView">
    <navigator currentView="ProjectPane" proportions="" version="1" />
    <panes>
      <pane id="ProjectPane">
        <subPane>
          <expand>
            <path>
              <item name="gitlab-integration" type="b2602c69:ProjectViewProjectNode" />
              <item name="dir{file:///home/jgouagout/projets/gitlab-integration}" type="462c0819:PsiDirectoryNode" />
            </path>
          </expand>
          <select />
        </subPane>
      </pane>
      <pane id="Scope" />
    </panes>
  </component>
  <component name="TimeTrackingManager">
    <option name="totallyTimeSpent" value="3917000" />
  </component>
  <component name="ToolWindowManager">
    <layoutV2>
      <window_info active="true" content_ui="combo" id="Project" order="0" visible="true" weight="0.17122933" />
      <window_info id="Commit" order="1" weight="0.25" />
      <window_info id="Structure" order="2" side_tool="true" weight="0.25" />
      <window_info anchor="bottom" id="Version Control" order="0" />
      <window_info anchor="bottom" id="Problems" order="1" />
      <window_info anchor="bottom" id="Problems View" order="2" />
      <window_info anchor="bottom" id="Terminal" order="3" />
      <window_info anchor="bottom" id="Services" order="4" />
      <window_info anchor="right" content_ui="combo" id="Notifications" order="0" weight="0.25" />
      <window_info active="true" anchor="right" id="AIAssistant" order="1" visible="true" weight="0.17122933" />
      <window_info anchor="right" id="Database" order="2" weight="0.25" />
      <window_info anchor="right" id="Gradle" order="3" weight="0.25" />
      <window_info anchor="right" id="Maven" order="4" weight="0.25" />
      <unified_weights left="0.17122933" right="0.17122933" />
    </layoutV2>
    <recentWindows>
      <value>AIAssistant</value>
      <value>Project</value>
    </recentWindows>
  </component>
  <component name="editorHistoryManager">
    <entry file="file://$PROJECT_DIR$/README.md">
      <provider selected="true" editor-type-id="text-editor">
        <state relative-caret-position="2090">
          <caret line="95" column="50" lean-forward="true" selection-start-line="95" selection-start-column="50" selection-end-line="95" selection-end-column="50" />
        </state>
      </provider>
    </entry>
    <entry file="file://$PROJECT_DIR$/src/Consumer/CsvConsumer.php">
      <provider selected="true" editor-type-id="text-editor">
        <state relative-caret-position="726">
          <caret line="36" lean-forward="true" selection-start-line="36" selection-end-line="36" />
        </state>
      </provider>
    </entry>
    <entry file="file://$PROJECT_DIR$/templates/admin/businessplan/_menu.composant.html.twig">
      <provider selected="true" editor-type-id="text-editor" />
    </entry>
    <entry file="file://$PROJECT_DIR$/tests/bootstrap.php">
      <provider selected="true" editor-type-id="text-editor" />
    </entry>
    <entry file="file://$PROJECT_DIR$/templates/admin/base.html.twig">
      <provider selected="true" editor-type-id="text-editor">
        <state relative-caret-position="396">
          <caret line="18" column="45" selection-start-line="18" selection-start-column="45" selection-end-line="18" selection-end-column="45" />
        </state>
      </provider>
    </entry>
    <entry file="file://$PROJECT_DIR$/src/PortailConsulaire/App/Controller/Api/EntrepriseApiController.php">
      <provider selected="true" editor-type-id="text-editor">
        <state relative-caret-position="2200">
          <caret line="109" column="50" selection-start-line="109" selection-start-column="50" selection-end-line="109" selection-end-column="50" />
        </state>
      </provider>
    </entry>
    <entry file="file://$PROJECT_DIR$/templates/front/offre/_results-offres.offre.html.twig">
      <provider selected="true" editor-type-id="text-editor">
        <state relative-caret-position="1254">
          <caret line="57" column="34" selection-start-line="57" selection-start-column="34" selection-end-line="57" selection-end-column="34" />
          <folding>
            <element signature="n#style#0;n#div#0;n#div#1;n#a#0;n#div#0;n#!!top" expanded="true" />
          </folding>
        </state>
      </provider>
    </entry>
    <entry file="file://$PROJECT_DIR$/src/PortailConsulaire/App/Controller/Front/OffreController.php">
      <provider selected="true" editor-type-id="text-editor">
        <state>
          <caret line="201" column="19" lean-forward="true" selection-start-line="201" selection-start-column="19" selection-end-line="201" selection-end-column="19" />
        </state>
      </provider>
    </entry>
  </component>
</project>